,PANDAID,MODIFTIME_EXTENDED,PRE-FAILED/FAILED,COMPUTINGSITE,MODIFICATIONHOST,ATTEMPTNR,FINAL_STATUS,START_TS,END_TS,DURATION
175,4729445847,2020-05-18 18:29:01.863469,failed,ANALY_DCSC,aipanda054.cern.ch,1,failed,2020-05-18 18:29:01.863469,2020-05-25 19:36:58.446323,169.1323841261111
179,4729445847,2020-05-25 19:36:58.446323,failed,ANALY_DCSC,aipanda052.cern.ch,1,failed,2020-05-25 19:36:58.446323,2020-05-25 19:36:58.446323,0.0
177,4729445847,2020-05-18 18:22:04.117444,holding,ANALY_DCSC,aipanda054.cern.ch,1,failed,2020-05-18 18:22:04.117444,2020-05-18 18:29:01.863469,0.11604056250000001
189,4729445848,2020-05-18 18:33:13.079365,failed,ANALY_DCSC,aipanda054.cern.ch,1,failed,2020-05-18 18:33:13.079365,2020-05-25 19:36:58.558593,169.0626331188889
190,4729445848,2020-05-25 19:36:58.558593,failed,ANALY_DCSC,aipanda052.cern.ch,1,failed,2020-05-25 19:36:58.558593,2020-05-25 19:36:58.558593,0.0
188,4729445848,2020-05-18 18:27:00.608319,holding,ANALY_DCSC,aipanda054.cern.ch,1,failed,2020-05-18 18:27:00.608319,2020-05-18 18:33:13.079365,0.10346417944444444
200,4729445849,2020-05-18 18:33:12.986504,failed,ANALY_DCSC,aipanda054.cern.ch,1,failed,2020-05-18 18:33:12.986504,2020-05-25 19:36:58.667572,169.06268918555557
201,4729445849,2020-05-25 19:36:58.667572,failed,ANALY_DCSC,aipanda052.cern.ch,1,failed,2020-05-25 19:36:58.667572,2020-05-25 19:36:58.667572,0.0
199,4729445849,2020-05-18 18:27:00.625334,holding,ANALY_DCSC,aipanda054.cern.ch,1,failed,2020-05-18 18:27:00.625334,2020-05-18 18:33:12.986504,0.10343365833333333
211,4729445850,2020-05-18 18:33:13.743573,failed,ANALY_DCSC,aipanda054.cern.ch,1,failed,2020-05-18 18:33:13.743573,2020-05-25 19:36:58.728696,169.0624958675
212,4729445850,2020-05-25 19:36:58.728696,failed,ANALY_DCSC,aipanda052.cern.ch,1,failed,2020-05-25 19:36:58.728696,2020-05-25 19:36:58.728696,0.0
210,4729445850,2020-05-18 18:27:00.641426,holding,ANALY_DCSC,aipanda054.cern.ch,1,failed,2020-05-18 18:27:00.641426,2020-05-18 18:33:13.743573,0.10363948527777778
222,4729445851,2020-05-18 18:33:13.627257,failed,ANALY_DCSC,aipanda054.cern.ch,1,failed,2020-05-18 18:33:13.627257,2020-05-25 19:36:58.789901,169.06254517888888
223,4729445851,2020-05-25 19:36:58.789901,failed,ANALY_DCSC,aipanda052.cern.ch,1,failed,2020-05-25 19:36:58.789901,2020-05-25 19:36:58.789901,0.0
221,4729445851,2020-05-18 18:27:00.654925,holding,ANALY_DCSC,aipanda054.cern.ch,1,failed,2020-05-18 18:27:00.654925,2020-05-18 18:33:13.627257,0.10360342555555557
233,4729445852,2020-05-18 18:33:14.131869,failed,ANALY_DCSC,aipanda054.cern.ch,1,failed,2020-05-18 18:33:14.131869,2020-05-25 19:36:58.851821,169.06242220888893
234,4729445852,2020-05-25 19:36:58.851821,failed,ANALY_DCSC,aipanda052.cern.ch,1,failed,2020-05-25 19:36:58.851821,2020-05-25 19:36:58.851821,0.0
232,4729445852,2020-05-18 18:27:00.668795,holding,ANALY_DCSC,aipanda054.cern.ch,1,failed,2020-05-18 18:27:00.668795,2020-05-18 18:33:14.131869,0.10373974277777778
244,4729445853,2020-05-18 18:33:14.368105,failed,ANALY_DCSC,aipanda054.cern.ch,1,failed,2020-05-18 18:33:14.368105,2020-05-25 19:36:58.938721,169.06238072666665
245,4729445853,2020-05-25 19:36:58.938721,failed,ANALY_DCSC,aipanda052.cern.ch,1,failed,2020-05-25 19:36:58.938721,2020-05-25 19:36:58.938721,0.0
243,4729445853,2020-05-18 18:27:00.682375,holding,ANALY_DCSC,aipanda054.cern.ch,1,failed,2020-05-18 18:27:00.682375,2020-05-18 18:33:14.368105,0.10380159166666666
255,4729445854,2020-05-18 18:33:14.469681,failed,ANALY_DCSC,aipanda054.cern.ch,1,failed,2020-05-18 18:33:14.469681,2020-05-25 19:36:59.001688,169.06237000194446
256,4729445854,2020-05-25 19:36:59.001688,failed,ANALY_DCSC,aipanda052.cern.ch,1,failed,2020-05-25 19:36:59.001688,2020-05-25 19:36:59.001688,0.0
254,4729445854,2020-05-18 18:27:00.699354,holding,ANALY_DCSC,aipanda054.cern.ch,1,failed,2020-05-18 18:27:00.699354,2020-05-18 18:33:14.469681,0.10382509083333334
266,4729445855,2020-05-18 18:33:14.782541,failed,ANALY_DCSC,aipanda054.cern.ch,1,failed,2020-05-18 18:33:14.782541,2020-05-25 19:36:59.073610,169.06230307472225
267,4729445855,2020-05-25 19:36:59.073610,failed,ANALY_DCSC,aipanda052.cern.ch,1,failed,2020-05-25 19:36:59.073610,2020-05-25 19:36:59.073610,0.0
265,4729445855,2020-05-18 18:27:00.711953,holding,ANALY_DCSC,aipanda054.cern.ch,1,failed,2020-05-18 18:27:00.711953,2020-05-18 18:33:14.782541,0.10390849666666667
277,4729445856,2020-05-18 18:33:15.068726,failed,ANALY_DCSC,aipanda054.cern.ch,1,failed,2020-05-18 18:33:15.068726,2020-05-25 19:36:59.131694,169.06223971333335
278,4729445856,2020-05-25 19:36:59.131694,failed,ANALY_DCSC,aipanda052.cern.ch,1,failed,2020-05-25 19:36:59.131694,2020-05-25 19:36:59.131694,0.0
276,4729445856,2020-05-18 18:27:00.727618,holding,ANALY_DCSC,aipanda054.cern.ch,1,failed,2020-05-18 18:27:00.727618,2020-05-18 18:33:15.068726,0.10398364111111111
288,4729445857,2020-05-18 18:33:15.084679,failed,ANALY_DCSC,aipanda054.cern.ch,1,failed,2020-05-18 18:33:15.084679,2020-05-25 19:36:59.185958,169.0622503552778
289,4729445857,2020-05-25 19:36:59.185958,failed,ANALY_DCSC,aipanda052.cern.ch,1,failed,2020-05-25 19:36:59.185958,2020-05-25 19:36:59.185958,0.0
287,4729445857,2020-05-18 18:27:00.740034,holding,ANALY_DCSC,aipanda054.cern.ch,1,failed,2020-05-18 18:27:00.740034,2020-05-18 18:33:15.084679,0.1039846236111111
299,4729445858,2020-05-20 18:35:06.371829,failed,ANALY_DCSC,aipanda052.cern.ch,1,failed,2020-05-20 18:35:06.371829,2020-05-20 18:35:06.371829,0.0
297,4729445858,2020-05-20 18:29:46.700476,holding,ANALY_DCSC,aipanda052.cern.ch,1,failed,2020-05-20 18:29:46.700476,2020-05-20 18:35:06.371829,0.08879759805555555
309,4729445859,2020-05-18 18:33:15.435626,failed,ANALY_DCSC,aipanda054.cern.ch,1,failed,2020-05-18 18:33:15.435626,2020-05-25 19:36:59.245061,169.06216928750004
310,4729445859,2020-05-25 19:36:59.245061,failed,ANALY_DCSC,aipanda052.cern.ch,1,failed,2020-05-25 19:36:59.245061,2020-05-25 19:36:59.245061,0.0
308,4729445859,2020-05-18 18:27:00.754185,holding,ANALY_DCSC,aipanda054.cern.ch,1,failed,2020-05-18 18:27:00.754185,2020-05-18 18:33:15.435626,0.10407817805555555
320,4729445860,2020-05-18 18:33:15.680327,failed,ANALY_DCSC,aipanda054.cern.ch,1,failed,2020-05-18 18:33:15.680327,2020-05-25 19:36:59.301391,169.06211696222223
321,4729445860,2020-05-25 19:36:59.301391,failed,ANALY_DCSC,aipanda052.cern.ch,1,failed,2020-05-25 19:36:59.301391,2020-05-25 19:36:59.301391,0.0
319,4729445860,2020-05-18 18:27:00.774359,holding,ANALY_DCSC,aipanda054.cern.ch,1,failed,2020-05-18 18:27:00.774359,2020-05-18 18:33:15.680327,0.10414054666666668
331,4729445861,2020-05-18 18:33:15.786827,failed,ANALY_DCSC,aipanda054.cern.ch,1,failed,2020-05-18 18:33:15.786827,2020-05-25 19:36:59.365085,169.0621050716667
332,4729445861,2020-05-25 19:36:59.365085,failed,ANALY_DCSC,aipanda052.cern.ch,1,failed,2020-05-25 19:36:59.365085,2020-05-25 19:36:59.365085,0.0
330,4729445861,2020-05-18 18:27:00.786912,holding,ANALY_DCSC,aipanda054.cern.ch,1,failed,2020-05-18 18:27:00.786912,2020-05-18 18:33:15.786827,0.10416664305555558
342,4729445862,2020-05-18 18:33:16.084340,failed,ANALY_DCSC,aipanda054.cern.ch,1,failed,2020-05-18 18:33:16.084340,2020-05-25 19:36:59.450185,169.06204606805557
343,4729445862,2020-05-25 19:36:59.450185,failed,ANALY_DCSC,aipanda052.cern.ch,1,failed,2020-05-25 19:36:59.450185,2020-05-25 19:36:59.450185,0.0
341,4729445862,2020-05-18 18:27:00.799851,holding,ANALY_DCSC,aipanda054.cern.ch,1,failed,2020-05-18 18:27:00.799851,2020-05-18 18:33:16.084340,0.1042456913888889
353,4729445863,2020-05-18 18:33:16.432412,failed,ANALY_DCSC,aipanda054.cern.ch,1,failed,2020-05-18 18:33:16.432412,2020-05-25 19:36:59.512376,169.06196665666667
354,4729445863,2020-05-25 19:36:59.512376,failed,ANALY_DCSC,aipanda052.cern.ch,1,failed,2020-05-25 19:36:59.512376,2020-05-25 19:36:59.512376,0.0
352,4729445863,2020-05-18 18:27:00.811616,holding,ANALY_DCSC,aipanda054.cern.ch,1,failed,2020-05-18 18:27:00.811616,2020-05-18 18:33:16.432412,0.10433911000000001
364,4729445864,2020-05-18 18:33:16.533483,failed,ANALY_DCSC,aipanda054.cern.ch,1,failed,2020-05-18 18:33:16.533483,2020-05-25 19:36:59.582108,169.0619579513889
365,4729445864,2020-05-25 19:36:59.582108,failed,ANALY_DCSC,aipanda052.cern.ch,1,failed,2020-05-25 19:36:59.582108,2020-05-25 19:36:59.582108,0.0
363,4729445864,2020-05-18 18:27:00.824301,holding,ANALY_DCSC,aipanda054.cern.ch,1,failed,2020-05-18 18:27:00.824301,2020-05-18 18:33:16.533483,0.10436366166666668
375,4729445867,2020-05-18 18:33:16.779782,failed,ANALY_DCSC,aipanda054.cern.ch,1,failed,2020-05-18 18:33:16.779782,2020-05-25 19:36:59.662955,169.06191199250003
376,4729445867,2020-05-25 19:36:59.662955,failed,ANALY_DCSC,aipanda052.cern.ch,1,failed,2020-05-25 19:36:59.662955,2020-05-25 19:36:59.662955,0.0
374,4729445867,2020-05-18 18:27:00.836254,holding,ANALY_DCSC,aipanda054.cern.ch,1,failed,2020-05-18 18:27:00.836254,2020-05-18 18:33:16.779782,0.10442875777777778
386,4729445868,2020-05-18 18:33:17.166771,failed,ANALY_DCSC,aipanda054.cern.ch,1,failed,2020-05-18 18:33:17.166771,2020-05-25 19:36:59.729289,169.06182292166667
387,4729445868,2020-05-25 19:36:59.729289,failed,ANALY_DCSC,aipanda052.cern.ch,1,failed,2020-05-25 19:36:59.729289,2020-05-25 19:36:59.729289,0.0
385,4729445868,2020-05-18 18:27:00.851690,holding,ANALY_DCSC,aipanda054.cern.ch,1,failed,2020-05-18 18:27:00.851690,2020-05-18 18:33:17.166771,0.10453196694444444
397,4729445870,2020-05-18 18:33:17.184217,failed,ANALY_DCSC,aipanda054.cern.ch,1,failed,2020-05-18 18:33:17.184217,2020-05-25 19:36:59.803695,169.06183874388893
398,4729445870,2020-05-25 19:36:59.803695,failed,ANALY_DCSC,aipanda052.cern.ch,1,failed,2020-05-25 19:36:59.803695,2020-05-25 19:36:59.803695,0.0
396,4729445870,2020-05-18 18:27:00.869395,holding,ANALY_DCSC,aipanda054.cern.ch,1,failed,2020-05-18 18:27:00.869395,2020-05-18 18:33:17.184217,0.10453189500000001
408,4729445871,2020-05-18 18:33:17.547655,failed,ANALY_DCSC,aipanda054.cern.ch,1,failed,2020-05-18 18:33:17.547655,2020-05-25 19:36:59.889469,169.061761615
409,4729445871,2020-05-25 19:36:59.889469,failed,ANALY_DCSC,aipanda052.cern.ch,1,failed,2020-05-25 19:36:59.889469,2020-05-25 19:36:59.889469,0.0
407,4729445871,2020-05-18 18:27:00.885645,holding,ANALY_DCSC,aipanda054.cern.ch,1,failed,2020-05-18 18:27:00.885645,2020-05-18 18:33:17.547655,0.10462833611111111
419,4729445873,2020-05-18 18:33:17.923880,failed,ANALY_DCSC,aipanda054.cern.ch,1,failed,2020-05-18 18:33:17.923880,2020-05-25 19:36:59.962353,169.06167735361115
420,4729445873,2020-05-25 19:36:59.962353,failed,ANALY_DCSC,aipanda052.cern.ch,1,failed,2020-05-25 19:36:59.962353,2020-05-25 19:36:59.962353,0.0
418,4729445873,2020-05-18 18:27:00.901901,holding,ANALY_DCSC,aipanda054.cern.ch,1,failed,2020-05-18 18:27:00.901901,2020-05-18 18:33:17.923880,0.10472832750000001
430,4729445875,2020-05-18 18:33:17.944018,failed,ANALY_DCSC,aipanda054.cern.ch,1,failed,2020-05-18 18:33:17.944018,2020-05-25 19:37:00.030593,169.06169071527782
431,4729445875,2020-05-25 19:37:00.030593,failed,ANALY_DCSC,aipanda052.cern.ch,1,failed,2020-05-25 19:37:00.030593,2020-05-25 19:37:00.030593,0.0
429,4729445875,2020-05-18 18:27:00.921059,holding,ANALY_DCSC,aipanda054.cern.ch,1,failed,2020-05-18 18:27:00.921059,2020-05-18 18:33:17.944018,0.10472859972222223
441,4729445877,2020-05-18 18:35:03.186387,failed,ANALY_DCSC,aipanda056.cern.ch,1,failed,2020-05-18 18:35:03.186387,2020-05-25 19:37:00.091750,169.03247371194445
442,4729445877,2020-05-25 19:37:00.091750,failed,ANALY_DCSC,aipanda052.cern.ch,1,failed,2020-05-25 19:37:00.091750,2020-05-25 19:37:00.091750,0.0
440,4729445877,2020-05-18 18:29:34.918347,holding,ANALY_DCSC,aipanda056.cern.ch,1,failed,2020-05-18 18:29:34.918347,2020-05-18 18:35:03.186387,0.09118556666666669
452,4729445879,2020-05-18 18:35:04.061443,failed,ANALY_DCSC,aipanda056.cern.ch,1,failed,2020-05-18 18:35:04.061443,2020-05-25 19:37:00.177265,169.03225439500002
453,4729445879,2020-05-25 19:37:00.177265,failed,ANALY_DCSC,aipanda052.cern.ch,1,failed,2020-05-25 19:37:00.177265,2020-05-25 19:37:00.177265,0.0
451,4729445879,2020-05-18 18:29:34.930545,holding,ANALY_DCSC,aipanda056.cern.ch,1,failed,2020-05-18 18:29:34.930545,2020-05-18 18:35:04.061443,0.09142524944444445
463,4729445880,2020-05-18 18:35:03.981370,failed,ANALY_DCSC,aipanda056.cern.ch,1,failed,2020-05-18 18:35:03.981370,2020-05-25 19:37:00.239491,169.03229392250003
464,4729445880,2020-05-25 19:37:00.239491,failed,ANALY_DCSC,aipanda052.cern.ch,1,failed,2020-05-25 19:37:00.239491,2020-05-25 19:37:00.239491,0.0
462,4729445880,2020-05-18 18:29:34.941854,holding,ANALY_DCSC,aipanda056.cern.ch,1,failed,2020-05-18 18:29:34.941854,2020-05-18 18:35:03.981370,0.09139986555555556
473,4729445884,2020-05-21 23:10:16.056670,failed,ANALY_DCSC,aipanda055.cern.ch,1,failed,2020-05-21 23:10:16.056670,2020-05-21 23:10:16.056670,0.0
472,4729445884,2020-05-21 23:06:23.347236,holding,ANALY_DCSC,aipanda055.cern.ch,1,failed,2020-05-21 23:06:23.347236,2020-05-21 23:10:16.056670,0.06464150944444445
484,4729445886,2020-05-21 12:20:54.902976,failed,ANALY_DCSC,aipanda051.cern.ch,1,failed,2020-05-21 12:20:54.902976,2020-05-21 12:20:54.902976,0.0
483,4729445886,2020-05-21 12:16:00.914665,holding,ANALY_DCSC,aipanda051.cern.ch,1,failed,2020-05-21 12:16:00.914665,2020-05-21 12:20:54.902976,0.08166341972222221
492,4729445888,2020-05-25 12:26:03.756828,failed,ANALY_DCSC,aipanda057.cern.ch,1,failed,2020-05-25 12:26:03.756828,2020-05-25 12:26:03.761337,1.2524999999999999e-06
493,4729445888,2020-05-25 12:26:03.761337,failed,ANALY_DCSC,aipanda189.cern.ch,1,failed,2020-05-25 12:26:03.761337,2020-05-25 12:26:03.761337,0.0
491,4729445888,2020-05-20 20:25:04.383322,running,ANALY_DCSC,aipanda057.cern.ch,1,failed,2020-05-20 20:25:04.383322,2020-05-25 12:26:03.756828,112.01649264055555
503,4729445892,2020-05-21 10:17:46.140109,failed,ANALY_DCSC,aipanda189.cern.ch,1,failed,2020-05-21 10:17:46.140109,2020-05-21 10:17:46.140109,0.0
502,4729445892,2020-05-21 10:14:33.448860,holding,ANALY_DCSC,aipanda189.cern.ch,1,failed,2020-05-21 10:14:33.448860,2020-05-21 10:17:46.140109,0.05352534694444444
511,4729445894,2020-05-25 09:32:34.654651,failed,ANALY_DCSC,aipanda054.cern.ch,1,failed,2020-05-25 09:32:34.654651,2020-05-25 09:32:34.654651,0.0
512,4729445894,2020-05-25 09:27:58.501993,holding,ANALY_DCSC,aipanda054.cern.ch,1,failed,2020-05-25 09:27:58.501993,2020-05-25 09:32:34.654651,0.07670907166666668
523,4729445897,2020-05-21 12:39:42.659531,failed,ANALY_DCSC,aipanda053.cern.ch,1,failed,2020-05-21 12:39:42.659531,2020-05-21 12:39:42.659531,0.0
522,4729445897,2020-05-21 12:33:10.731508,holding,ANALY_DCSC,aipanda053.cern.ch,1,failed,2020-05-21 12:33:10.731508,2020-05-21 12:39:42.659531,0.10886889527777778
533,4729445899,2020-05-20 23:20:32.726992,failed,ANALY_DCSC,aipanda057.cern.ch,1,failed,2020-05-20 23:20:32.726992,2020-05-20 23:20:32.726992,0.0
532,4729445899,2020-05-20 23:13:53.292114,holding,ANALY_DCSC,aipanda057.cern.ch,1,failed,2020-05-20 23:13:53.292114,2020-05-20 23:20:32.726992,0.1109541327777778
542,4729445900,2020-05-21 23:10:16.620973,failed,ANALY_DCSC,aipanda055.cern.ch,1,failed,2020-05-21 23:10:16.620973,2020-05-21 23:10:16.620973,0.0
541,4729445900,2020-05-21 23:06:23.378838,holding,ANALY_DCSC,aipanda055.cern.ch,1,failed,2020-05-21 23:06:23.378838,2020-05-21 23:10:16.620973,0.06478948194444445
552,4729445903,2020-05-25 13:04:52.687926,failed,ANALY_DCSC,aipanda051.cern.ch,1,failed,2020-05-25 13:04:52.687926,2020-05-25 13:04:52.687926,0.0
551,4729445903,2020-05-25 13:00:36.641681,holding,ANALY_DCSC,aipanda051.cern.ch,1,failed,2020-05-25 13:00:36.641681,2020-05-25 13:04:52.687926,0.07112395694444444
560,4729445904,2020-05-25 13:05:45.450333,failed,ANALY_DCSC,aipanda055.cern.ch,1,failed,2020-05-25 13:05:45.450333,2020-05-25 13:05:45.450333,0.0
561,4729445904,2020-05-25 13:00:39.695840,holding,ANALY_DCSC,aipanda055.cern.ch,1,failed,2020-05-25 13:00:39.695840,2020-05-25 13:05:45.450333,0.08493180361111112
568,4729445906,2020-05-21 23:07:05.203636,failed,ANALY_DCSC,aipanda056.cern.ch,1,failed,2020-05-21 23:07:05.203636,2020-05-21 23:07:05.203636,0.0
569,4729445906,2020-05-21 23:01:46.959699,holding,ANALY_DCSC,aipanda056.cern.ch,1,failed,2020-05-21 23:01:46.959699,2020-05-21 23:07:05.203636,0.0884010936111111
578,4729445908,2020-05-25 12:26:03.919161,failed,ANALY_DCSC,aipanda057.cern.ch,1,failed,2020-05-25 12:26:03.919161,2020-05-25 12:26:03.919161,0.0
577,4729445908,2020-05-21 04:37:41.235781,running,ANALY_DCSC,aipanda053.cern.ch,1,failed,2020-05-21 04:37:41.235781,2020-05-25 12:26:03.919161,103.80630093888888
587,4729445909,2020-05-25 12:26:04.057588,failed,ANALY_DCSC,aipanda189.cern.ch,1,failed,2020-05-25 12:26:04.057588,2020-05-25 12:26:04.074611,4.728611111111111e-06
586,4729445909,2020-05-25 12:26:04.074611,failed,ANALY_DCSC,aipanda057.cern.ch,1,failed,2020-05-25 12:26:04.074611,2020-05-25 12:26:04.074611,0.0
585,4729445909,2020-05-21 04:37:41.252581,running,ANALY_DCSC,aipanda053.cern.ch,1,failed,2020-05-21 04:37:41.252581,2020-05-25 12:26:04.057588,103.80633472416667
595,4729445911,2020-05-25 12:26:04.227050,failed,ANALY_DCSC,aipanda057.cern.ch,1,failed,2020-05-25 12:26:04.227050,2020-05-25 12:26:04.288244,1.6998333333333333e-05
596,4729445911,2020-05-25 12:26:04.288244,failed,ANALY_DCSC,aipanda189.cern.ch,1,failed,2020-05-25 12:26:04.288244,2020-05-25 12:26:04.288244,0.0
594,4729445911,2020-05-21 04:37:41.268976,running,ANALY_DCSC,aipanda053.cern.ch,1,failed,2020-05-21 04:37:41.268976,2020-05-25 12:26:04.227050,103.80637724277777
604,4729445913,2020-05-21 17:01:09.546209,failed,ANALY_DCSC,aipanda058.cern.ch,1,failed,2020-05-21 17:01:09.546209,2020-05-21 17:01:09.546209,0.0
605,4729445913,2020-05-21 16:56:44.474216,holding,ANALY_DCSC,aipanda058.cern.ch,1,failed,2020-05-21 16:56:44.474216,2020-05-21 17:01:09.546209,0.07363110916666667
614,4729445914,2020-05-21 23:10:16.710158,failed,ANALY_DCSC,aipanda055.cern.ch,1,failed,2020-05-21 23:10:16.710158,2020-05-21 23:10:16.710158,0.0
613,4729445914,2020-05-21 23:06:23.392572,holding,ANALY_DCSC,aipanda055.cern.ch,1,failed,2020-05-21 23:06:23.392572,2020-05-21 23:10:16.710158,0.06481044055555556
626,4729445916,2020-05-25 19:22:20.429452,failed,ANALY_DCSC,aipanda189.cern.ch,1,failed,2020-05-25 19:22:20.429452,2020-05-25 19:22:20.429452,0.0
624,4729445916,2020-05-25 19:17:27.661001,holding,ANALY_DCSC,aipanda189.cern.ch,1,failed,2020-05-25 19:17:27.661001,2020-05-25 19:22:20.429452,0.08132456972222223
636,4729445918,2020-05-25 19:22:21.538313,failed,ANALY_DCSC,aipanda189.cern.ch,1,failed,2020-05-25 19:22:21.538313,2020-05-25 19:22:21.538313,0.0
634,4729445918,2020-05-25 19:17:27.686715,holding,ANALY_DCSC,aipanda189.cern.ch,1,failed,2020-05-25 19:17:27.686715,2020-05-25 19:22:21.538313,0.08162544388888889
646,4729445920,2020-05-25 19:22:21.687524,failed,ANALY_DCSC,aipanda189.cern.ch,1,failed,2020-05-25 19:22:21.687524,2020-05-25 19:22:21.687524,0.0
644,4729445920,2020-05-25 19:17:27.728775,holding,ANALY_DCSC,aipanda189.cern.ch,1,failed,2020-05-25 19:17:27.728775,2020-05-25 19:22:21.687524,0.08165520805555555
653,4729445922,2020-05-21 15:26:14.392583,failed,ANALY_DCSC,aipanda055.cern.ch,1,failed,2020-05-21 15:26:14.392583,2020-05-21 15:26:14.392583,0.0
654,4729445922,2020-05-21 15:21:24.757024,holding,ANALY_DCSC,aipanda055.cern.ch,1,failed,2020-05-21 15:21:24.757024,2020-05-21 15:26:14.392583,0.08045432194444445
665,4729445923,2020-05-22 17:07:59.777381,failed,ANALY_DCSC,aipanda053.cern.ch,1,failed,2020-05-22 17:07:59.777381,2020-05-22 17:07:59.777381,0.0
666,4729445923,2020-05-22 17:03:14.467596,holding,ANALY_DCSC,aipanda053.cern.ch,1,failed,2020-05-22 17:03:14.467596,2020-05-22 17:07:59.777381,0.07925271805555556
673,4729445925,2020-05-21 15:26:15.135066,failed,ANALY_DCSC,aipanda055.cern.ch,1,failed,2020-05-21 15:26:15.135066,2020-05-21 15:26:15.135066,0.0
674,4729445925,2020-05-21 15:21:24.803002,holding,ANALY_DCSC,aipanda055.cern.ch,1,failed,2020-05-21 15:21:24.803002,2020-05-21 15:26:15.135066,0.08064779555555555
683,4729445927,2020-05-21 15:26:15.434975,failed,ANALY_DCSC,aipanda055.cern.ch,1,failed,2020-05-21 15:26:15.434975,2020-05-21 15:26:15.434975,0.0
684,4729445927,2020-05-21 15:21:24.850606,holding,ANALY_DCSC,aipanda055.cern.ch,1,failed,2020-05-21 15:21:24.850606,2020-05-21 15:26:15.434975,0.08071788027777778
694,4729445928,2020-05-25 12:26:04.386661,failed,ANALY_DCSC,aipanda057.cern.ch,1,failed,2020-05-25 12:26:04.386661,2020-05-25 12:26:04.386661,0.0
691,4729445928,2020-05-21 15:30:52.776174,running,ANALY_DCSC,aipanda055.cern.ch,1,failed,2020-05-21 15:30:52.776174,2020-05-25 12:26:04.386661,92.91989180194446
701,4729445930,2020-05-21 15:26:15.419733,failed,ANALY_DCSC,aipanda055.cern.ch,1,failed,2020-05-21 15:26:15.419733,2020-05-21 15:26:15.419733,0.0
702,4729445930,2020-05-21 15:21:24.927927,holding,ANALY_DCSC,aipanda055.cern.ch,1,failed,2020-05-21 15:21:24.927927,2020-05-21 15:26:15.419733,0.08069216833333333
712,4729445935,2020-05-22 22:25:24.993968,failed,ANALY_DCSC,aipanda054.cern.ch,1,failed,2020-05-22 22:25:24.993968,2020-05-22 22:25:24.993968,0.0
713,4729445935,2020-05-22 22:20:56.972627,holding,ANALY_DCSC,aipanda054.cern.ch,1,failed,2020-05-22 22:20:56.972627,2020-05-22 22:25:24.993968,0.0744503725
722,4729445937,2020-05-25 12:26:04.557913,failed,ANALY_DCSC,aipanda057.cern.ch,1,failed,2020-05-25 12:26:04.557913,2020-05-25 12:26:04.577452,5.4275e-06
723,4729445937,2020-05-25 12:26:04.577452,failed,ANALY_DCSC,aipanda189.cern.ch,1,failed,2020-05-25 12:26:04.577452,2020-05-25 12:26:04.577452,0.0
719,4729445937,2020-05-21 15:30:52.818664,running,ANALY_DCSC,aipanda055.cern.ch,1,failed,2020-05-21 15:30:52.818664,2020-05-25 12:26:04.557913,92.91992756916667
733,4729445938,2020-05-22 05:07:23.018631,failed,ANALY_DCSC,aipanda053.cern.ch,1,failed,2020-05-22 05:07:23.018631,2020-05-22 05:07:23.018631,0.0
731,4729445938,2020-05-22 05:01:33.611866,holding,ANALY_DCSC,aipanda053.cern.ch,1,failed,2020-05-22 05:01:33.611866,2020-05-22 05:07:23.018631,0.09705743472222222
741,4729445940,2020-05-25 19:17:19.149972,failed,ANALY_DCSC,aipanda054.cern.ch,1,failed,2020-05-25 19:17:19.149972,2020-05-25 19:17:19.149972,0.0
743,4729445940,2020-05-25 19:14:09.328767,holding,ANALY_DCSC,aipanda054.cern.ch,1,failed,2020-05-25 19:14:09.328767,2020-05-25 19:17:19.149972,0.05272811250000001
751,4729445942,2020-05-25 19:17:21.125994,failed,ANALY_DCSC,aipanda054.cern.ch,1,failed,2020-05-25 19:17:21.125994,2020-05-25 19:17:21.125994,0.0
753,4729445942,2020-05-25 19:14:09.349309,holding,ANALY_DCSC,aipanda054.cern.ch,1,failed,2020-05-25 19:14:09.349309,2020-05-25 19:17:21.125994,0.05327130138888889
762,4729445943,2020-05-22 03:51:35.767520,failed,ANALY_DCSC,aipanda056.cern.ch,1,failed,2020-05-22 03:51:35.767520,2020-05-22 03:51:35.767520,0.0
763,4729445943,2020-05-22 03:44:50.639807,holding,ANALY_DCSC,aipanda056.cern.ch,1,failed,2020-05-22 03:44:50.639807,2020-05-22 03:51:35.767520,0.11253547583333333
771,4729445945,2020-05-25 19:17:21.300442,failed,ANALY_DCSC,aipanda054.cern.ch,1,failed,2020-05-25 19:17:21.300442,2020-05-25 19:17:21.300442,0.0
773,4729445945,2020-05-25 19:14:09.379057,holding,ANALY_DCSC,aipanda054.cern.ch,1,failed,2020-05-25 19:14:09.379057,2020-05-25 19:17:21.300442,0.05331149583333334
781,4729445946,2020-05-25 19:17:21.330798,failed,ANALY_DCSC,aipanda054.cern.ch,1,failed,2020-05-25 19:17:21.330798,2020-05-25 19:17:21.330798,0.0
783,4729445946,2020-05-25 19:14:09.398946,holding,ANALY_DCSC,aipanda054.cern.ch,1,failed,2020-05-25 19:14:09.398946,2020-05-25 19:17:21.330798,0.05331440333333334
791,4729445947,2020-05-25 19:17:21.971996,failed,ANALY_DCSC,aipanda054.cern.ch,1,failed,2020-05-25 19:17:21.971996,2020-05-25 19:17:21.971996,0.0
793,4729445947,2020-05-25 19:14:09.421430,holding,ANALY_DCSC,aipanda054.cern.ch,1,failed,2020-05-25 19:14:09.421430,2020-05-25 19:17:21.971996,0.05348626833333334
803,4729445948,2020-05-22 05:34:26.394192,failed,ANALY_DCSC,aipanda052.cern.ch,1,failed,2020-05-22 05:34:26.394192,2020-05-22 05:34:26.394192,0.0
802,4729445948,2020-05-22 05:31:21.836424,holding,ANALY_DCSC,aipanda052.cern.ch,1,failed,2020-05-22 05:31:21.836424,2020-05-22 05:34:26.394192,0.05126604666666667
812,4729445949,2020-05-22 03:03:23.138862,failed,ANALY_DCSC,aipanda057.cern.ch,1,failed,2020-05-22 03:03:23.138862,2020-05-22 03:03:23.138862,0.0
813,4729445949,2020-05-22 02:59:52.901684,holding,ANALY_DCSC,aipanda057.cern.ch,1,failed,2020-05-22 02:59:52.901684,2020-05-22 03:03:23.138862,0.05839921611111111
821,4729445952,2020-05-25 19:17:22.221817,failed,ANALY_DCSC,aipanda054.cern.ch,1,failed,2020-05-25 19:17:22.221817,2020-05-25 19:17:22.221817,0.0
823,4729445952,2020-05-25 19:14:09.469330,holding,ANALY_DCSC,aipanda054.cern.ch,1,failed,2020-05-25 19:14:09.469330,2020-05-25 19:17:22.221817,0.053542357500000005
831,4729445954,2020-05-25 19:17:21.136820,failed,ANALY_DCSC,aipanda058.cern.ch,1,failed,2020-05-25 19:17:21.136820,2020-05-25 19:17:21.136820,0.0
833,4729445954,2020-05-25 19:12:01.393436,holding,ANALY_DCSC,aipanda058.cern.ch,1,failed,2020-05-25 19:12:01.393436,2020-05-25 19:17:21.136820,0.08881760666666666
841,4729445956,2020-05-25 23:47:15.202366,failed,ANALY_DCSC,aipanda189.cern.ch,1,failed,2020-05-25 23:47:15.202366,2020-05-25 23:47:15.202366,0.0
843,4729445956,2020-05-25 23:43:24.250919,holding,ANALY_DCSC,aipanda189.cern.ch,1,failed,2020-05-25 23:43:24.250919,2020-05-25 23:47:15.202366,0.06415317972222222
851,4729445957,2020-05-25 19:17:22.088382,failed,ANALY_DCSC,aipanda054.cern.ch,1,failed,2020-05-25 19:17:22.088382,2020-05-25 19:17:22.088382,0.0
853,4729445957,2020-05-25 19:14:09.507403,holding,ANALY_DCSC,aipanda054.cern.ch,1,failed,2020-05-25 19:14:09.507403,2020-05-25 19:17:22.088382,0.05349471638888889
863,4729445958,2020-05-22 06:27:33.885350,failed,ANALY_DCSC,aipanda057.cern.ch,1,failed,2020-05-22 06:27:33.885350,2020-05-22 06:27:33.885350,0.0
862,4729445958,2020-05-22 06:22:29.851947,holding,ANALY_DCSC,aipanda057.cern.ch,1,failed,2020-05-22 06:22:29.851947,2020-05-22 06:27:33.885350,0.08445372305555555
871,4729445960,2020-05-25 19:17:21.310628,failed,ANALY_DCSC,aipanda058.cern.ch,1,failed,2020-05-25 19:17:21.310628,2020-05-25 19:17:21.310628,0.0
873,4729445960,2020-05-25 19:12:01.429859,holding,ANALY_DCSC,aipanda058.cern.ch,1,failed,2020-05-25 19:12:01.429859,2020-05-25 19:17:21.310628,0.08885576916666668
881,4729445961,2020-05-25 19:17:21.285755,failed,ANALY_DCSC,aipanda058.cern.ch,1,failed,2020-05-25 19:17:21.285755,2020-05-25 19:17:21.285755,0.0
883,4729445961,2020-05-25 19:12:01.475382,holding,ANALY_DCSC,aipanda058.cern.ch,1,failed,2020-05-25 19:12:01.475382,2020-05-25 19:17:21.285755,0.08883621472222222
891,4729445964,2020-05-21 23:08:17.391140,failed,ANALY_DCSC,aipanda057.cern.ch,1,failed,2020-05-21 23:08:17.391140,2020-05-21 23:08:17.391140,0.0
889,4729445964,2020-05-21 23:01:53.951533,holding,ANALY_DCSC,aipanda057.cern.ch,1,failed,2020-05-21 23:01:53.951533,2020-05-21 23:08:17.391140,0.10651100194444445
901,4729445965,2020-05-25 19:17:21.898014,failed,ANALY_DCSC,aipanda058.cern.ch,1,failed,2020-05-25 19:17:21.898014,2020-05-25 19:17:21.898014,0.0
903,4729445965,2020-05-25 19:12:01.499229,holding,ANALY_DCSC,aipanda058.cern.ch,1,failed,2020-05-25 19:12:01.499229,2020-05-25 19:17:21.898014,0.0889996625
911,4729445967,2020-05-25 19:17:22.063426,failed,ANALY_DCSC,aipanda058.cern.ch,1,failed,2020-05-25 19:17:22.063426,2020-05-25 19:17:22.063426,0.0
913,4729445967,2020-05-25 19:12:01.555294,holding,ANALY_DCSC,aipanda058.cern.ch,1,failed,2020-05-25 19:12:01.555294,2020-05-25 19:17:22.063426,0.08903003666666669
921,4729445968,2020-05-21 23:10:16.810761,failed,ANALY_DCSC,aipanda055.cern.ch,1,failed,2020-05-21 23:10:16.810761,2020-05-21 23:10:16.810761,0.0
920,4729445968,2020-05-21 23:06:23.417746,holding,ANALY_DCSC,aipanda055.cern.ch,1,failed,2020-05-21 23:06:23.417746,2020-05-21 23:10:16.810761,0.06483139305555556
931,4729445969,2020-05-21 23:08:17.657825,failed,ANALY_DCSC,aipanda057.cern.ch,1,failed,2020-05-21 23:08:17.657825,2020-05-21 23:08:17.657825,0.0
929,4729445969,2020-05-21 23:01:53.967546,holding,ANALY_DCSC,aipanda057.cern.ch,1,failed,2020-05-21 23:01:53.967546,2020-05-21 23:08:17.657825,0.10658063305555557
941,4729445970,2020-05-21 23:08:17.872396,failed,ANALY_DCSC,aipanda057.cern.ch,1,failed,2020-05-21 23:08:17.872396,2020-05-21 23:08:17.872396,0.0
939,4729445970,2020-05-21 23:01:53.980533,holding,ANALY_DCSC,aipanda057.cern.ch,1,failed,2020-05-21 23:01:53.980533,2020-05-21 23:08:17.872396,0.10663662861111112
951,4729445971,2020-05-21 23:08:18.017972,failed,ANALY_DCSC,aipanda057.cern.ch,1,failed,2020-05-21 23:08:18.017972,2020-05-21 23:08:18.017972,0.0
949,4729445971,2020-05-21 23:02:53.437955,holding,ANALY_DCSC,aipanda057.cern.ch,1,failed,2020-05-21 23:02:53.437955,2020-05-21 23:08:18.017972,0.09016111583333333
960,4729445972,2020-05-21 23:15:34.414040,failed,ANALY_DCSC,aipanda189.cern.ch,1,failed,2020-05-21 23:15:34.414040,2020-05-21 23:15:34.414040,0.0
959,4729445972,2020-05-21 23:07:57.867281,holding,ANALY_DCSC,aipanda189.cern.ch,1,failed,2020-05-21 23:07:57.867281,2020-05-21 23:15:34.414040,0.12681854416666666
971,4729445973,2020-05-21 23:08:18.244042,failed,ANALY_DCSC,aipanda057.cern.ch,1,failed,2020-05-21 23:08:18.244042,2020-05-21 23:08:18.244042,0.0
969,4729445973,2020-05-21 23:01:53.995975,holding,ANALY_DCSC,aipanda057.cern.ch,1,failed,2020-05-21 23:01:53.995975,2020-05-21 23:08:18.244042,0.10673557416666668
983,4729445975,2020-05-22 00:01:32.438912,failed,ANALY_DCSC,aipanda058.cern.ch,1,failed,2020-05-22 00:01:32.438912,2020-05-22 00:01:32.438912,0.0
981,4729445975,2020-05-21 23:58:25.733990,holding,ANALY_DCSC,aipanda058.cern.ch,1,failed,2020-05-21 23:58:25.733990,2020-05-22 00:01:32.438912,0.05186247833333334
991,4729445976,2020-05-22 09:38:45.884978,failed,ANALY_DCSC,aipanda052.cern.ch,1,failed,2020-05-22 09:38:45.884978,2020-05-22 09:38:45.884978,0.0
993,4729445976,2020-05-22 09:34:34.030397,holding,ANALY_DCSC,aipanda052.cern.ch,1,failed,2020-05-22 09:34:34.030397,2020-05-22 09:38:45.884978,0.06995960583333334
1001,4729445977,2020-05-25 19:17:22.046089,failed,ANALY_DCSC,aipanda058.cern.ch,1,failed,2020-05-25 19:17:22.046089,2020-05-25 19:17:22.046089,0.0
1003,4729445977,2020-05-25 19:12:01.595509,holding,ANALY_DCSC,aipanda058.cern.ch,1,failed,2020-05-25 19:12:01.595509,2020-05-25 19:17:22.046089,0.08901405000000001
1013,4729445978,2020-05-23 14:10:01.069045,failed,ANALY_DCSC,aipanda189.cern.ch,1,failed,2020-05-23 14:10:01.069045,2020-05-23 14:10:01.069045,0.0
1012,4729445978,2020-05-23 14:05:29.530557,holding,ANALY_DCSC,aipanda189.cern.ch,1,failed,2020-05-23 14:05:29.530557,2020-05-23 14:10:01.069045,0.07542735777777779
1021,4729445979,2020-05-25 09:35:52.307991,failed,ANALY_DCSC,aipanda057.cern.ch,1,failed,2020-05-25 09:35:52.307991,2020-05-25 09:35:52.307991,0.0
1023,4729445979,2020-05-25 09:31:42.421878,holding,ANALY_DCSC,aipanda057.cern.ch,1,failed,2020-05-25 09:31:42.421878,2020-05-25 09:35:52.307991,0.06941280916666667
1032,4729445980,2020-05-25 12:26:04.727832,failed,ANALY_DCSC,aipanda189.cern.ch,1,failed,2020-05-25 12:26:04.727832,2020-05-25 12:26:04.732534,1.306111111111111e-06
1031,4729445980,2020-05-25 12:26:04.732534,failed,ANALY_DCSC,aipanda057.cern.ch,1,failed,2020-05-25 12:26:04.732534,2020-05-25 12:26:04.732534,0.0
1030,4729445980,2020-05-21 23:11:12.029038,running,ANALY_DCSC,aipanda057.cern.ch,1,failed,2020-05-21 23:11:12.029038,2020-05-25 12:26:04.727832,85.24797188722223
1040,4729445982,2020-05-25 23:49:20.413585,failed,ANALY_DCSC,aipanda058.cern.ch,1,failed,2020-05-25 23:49:20.413585,2020-05-25 23:49:20.413585,0.0
1042,4729445982,2020-05-25 23:44:35.547755,holding,ANALY_DCSC,aipanda058.cern.ch,1,failed,2020-05-25 23:44:35.547755,2020-05-25 23:49:20.413585,0.07912939722222223
6,4729447084,2020-05-18 18:22:57.210574,failed,ANALY_DCSC,aipanda052.cern.ch,1,failed,2020-05-18 18:22:57.210574,2020-05-18 18:22:57.210574,0.0
7,4729447084,2020-05-18 18:19:16.159565,holding,ANALY_DCSC,aipanda052.cern.ch,1,failed,2020-05-18 18:19:16.159565,2020-05-18 18:22:57.210574,0.061403058055555564
19,4729447085,2020-05-18 18:30:59.759872,failed,ANALY_DCSC,aipanda056.cern.ch,1,failed,2020-05-18 18:30:59.759872,2020-05-18 18:30:59.759872,0.0
16,4729447085,2020-05-18 18:24:02.462360,holding,ANALY_DCSC,aipanda056.cern.ch,1,failed,2020-05-18 18:24:02.462360,2020-05-18 18:30:59.759872,0.11591597555555558
29,4729447086,2020-05-18 18:30:59.658636,failed,ANALY_DCSC,aipanda056.cern.ch,1,failed,2020-05-18 18:30:59.658636,2020-05-18 18:30:59.658636,0.0
26,4729447086,2020-05-18 18:24:02.475080,holding,ANALY_DCSC,aipanda056.cern.ch,1,failed,2020-05-18 18:24:02.475080,2020-05-18 18:30:59.658636,0.11588432111111112
39,4729447087,2020-05-18 18:31:00.435409,failed,ANALY_DCSC,aipanda056.cern.ch,1,failed,2020-05-18 18:31:00.435409,2020-05-18 18:31:00.435409,0.0
36,4729447087,2020-05-18 18:24:02.488112,holding,ANALY_DCSC,aipanda056.cern.ch,1,failed,2020-05-18 18:24:02.488112,2020-05-18 18:31:00.435409,0.11609647138888891
49,4729447088,2020-05-18 18:31:00.558953,failed,ANALY_DCSC,aipanda056.cern.ch,1,failed,2020-05-18 18:31:00.558953,2020-05-18 18:31:00.558953,0.0
46,4729447088,2020-05-18 18:24:02.502832,holding,ANALY_DCSC,aipanda056.cern.ch,1,failed,2020-05-18 18:24:02.502832,2020-05-18 18:31:00.558953,0.11612670027777777
59,4729447089,2020-05-18 18:31:00.580991,failed,ANALY_DCSC,aipanda056.cern.ch,1,failed,2020-05-18 18:31:00.580991,2020-05-18 18:31:00.580991,0.0
56,4729447089,2020-05-18 18:24:02.514798,holding,ANALY_DCSC,aipanda056.cern.ch,1,failed,2020-05-18 18:24:02.514798,2020-05-18 18:31:00.580991,0.11612949805555556
69,4729447090,2020-05-18 18:31:01.089922,failed,ANALY_DCSC,aipanda056.cern.ch,1,failed,2020-05-18 18:31:01.089922,2020-05-18 18:31:01.089922,0.0
66,4729447090,2020-05-18 18:24:02.531124,holding,ANALY_DCSC,aipanda056.cern.ch,1,failed,2020-05-18 18:24:02.531124,2020-05-18 18:31:01.089922,0.11626633277777779
79,4729447092,2020-05-18 18:31:01.255769,failed,ANALY_DCSC,aipanda056.cern.ch,1,failed,2020-05-18 18:31:01.255769,2020-05-18 18:31:01.255769,0.0
76,4729447092,2020-05-18 18:24:02.543057,holding,ANALY_DCSC,aipanda056.cern.ch,1,failed,2020-05-18 18:24:02.543057,2020-05-18 18:31:01.255769,0.11630908666666667
88,4729448280,2020-05-17 15:01:35.084094,failed,ANALY_DCSC,aipanda051.cern.ch,0,failed,2020-05-17 15:01:35.084094,2020-05-17 15:01:35.084094,0.0
87,4729448280,2020-05-17 14:56:06.211178,holding,ANALY_DCSC,aipanda051.cern.ch,0,failed,2020-05-17 14:56:06.211178,2020-05-17 15:01:35.084094,0.09135358777777779
97,4729449513,2020-05-17 15:01:38.738366,failed,ANALY_DCSC,aipanda051.cern.ch,0,failed,2020-05-17 15:01:38.738366,2020-05-17 15:01:38.738366,0.0
96,4729449513,2020-05-17 14:56:06.225163,holding,ANALY_DCSC,aipanda051.cern.ch,0,failed,2020-05-17 14:56:06.225163,2020-05-17 15:01:38.738366,0.09236477861111111
1049,4735946275,2020-05-26 08:28:46.520976,failed,ANALY_DCSC,aipanda058.cern.ch,10,failed,2020-05-26 08:28:46.520976,2020-05-26 08:28:46.520976,0.0
1051,4735946275,2020-05-26 08:23:16.639137,holding,ANALY_DCSC,aipanda058.cern.ch,10,failed,2020-05-26 08:23:16.639137,2020-05-26 08:28:46.520976,0.09163384416666667
1058,4735946276,2020-05-23 13:35:57.557367,failed,ANALY_DCSC,aipanda053.cern.ch,10,failed,2020-05-23 13:35:57.557367,2020-05-23 13:35:57.557367,0.0
1059,4735946276,2020-05-23 13:30:06.557682,holding,ANALY_DCSC,aipanda053.cern.ch,10,failed,2020-05-23 13:30:06.557682,2020-05-23 13:35:57.557367,0.0974999125
104,4736339087,2020-05-23 01:42:12.056201,failed,SARA-MATRIX,aipanda053.cern.ch,7,failed,2020-05-23 01:42:12.056201,2020-05-23 01:42:12.056201,0.0
101,4736339087,2020-05-22 04:31:44.745595,running,SARA-MATRIX,aipanda053.cern.ch,7,failed,2020-05-22 04:31:44.745595,2020-05-23 01:42:12.056201,21.17425294611111
111,4736339127,2020-05-23 01:43:09.599348,failed,SARA-MATRIX,aipanda058.cern.ch,7,failed,2020-05-23 01:43:09.599348,2020-05-23 01:43:09.599348,0.0
110,4736339127,2020-05-22 04:48:44.043153,running,SARA-MATRIX,aipanda058.cern.ch,7,failed,2020-05-22 04:48:44.043153,2020-05-23 01:43:09.599348,20.907098943055562
113,4736339135,2020-05-22 16:45:22.104984,failed,SARA-MATRIX,aipanda054.cern.ch,7,failed,2020-05-22 16:45:22.104984,2020-05-22 16:45:22.104984,0.0
112,4736339135,2020-05-22 16:39:34.100516,holding,SARA-MATRIX,aipanda054.cern.ch,7,failed,2020-05-22 16:39:34.100516,2020-05-22 16:45:22.104984,0.0966679077777778
126,4736339148,2020-05-23 01:48:38.149502,failed,SARA-MATRIX,aipanda056.cern.ch,7,failed,2020-05-23 01:48:38.149502,2020-05-23 01:48:38.149502,0.0
124,4736339148,2020-05-22 04:59:15.175833,running,SARA-MATRIX,aipanda058.cern.ch,7,failed,2020-05-22 04:59:15.175833,2020-05-23 01:48:38.149502,20.82304824138889
133,4736339160,2020-05-23 01:50:29.294011,failed,SARA-MATRIX,aipanda056.cern.ch,7,failed,2020-05-23 01:50:29.294011,2020-05-23 01:50:29.294011,0.0
132,4736339160,2020-05-22 05:03:51.759315,running,SARA-MATRIX,aipanda052.cern.ch,7,failed,2020-05-22 05:03:51.759315,2020-05-23 01:50:29.294011,20.777092971111113
140,4736339162,2020-05-23 01:41:08.358337,failed,SARA-MATRIX,aipanda054.cern.ch,7,failed,2020-05-23 01:41:08.358337,2020-05-23 01:41:08.358337,0.0
139,4736339162,2020-05-22 05:03:51.987151,running,SARA-MATRIX,aipanda051.cern.ch,7,failed,2020-05-22 05:03:51.987151,2020-05-23 01:41:08.358337,20.621214218333332
147,4736339197,2020-05-23 01:46:05.622800,failed,SARA-MATRIX,aipanda053.cern.ch,7,failed,2020-05-23 01:46:05.622800,2020-05-23 01:46:05.622800,0.0
144,4736339197,2020-05-22 05:09:40.989729,running,SARA-MATRIX,aipanda052.cern.ch,7,failed,2020-05-22 05:09:40.989729,2020-05-23 01:46:05.622800,20.606842519722225
154,4736339580,2020-05-23 01:48:25.981175,failed,SARA-MATRIX,aipanda056.cern.ch,10,failed,2020-05-23 01:48:25.981175,2020-05-23 01:48:25.981175,0.0
153,4736339580,2020-05-22 05:04:56.045174,running,SARA-MATRIX,aipanda052.cern.ch,10,failed,2020-05-22 05:04:56.045174,2020-05-23 01:48:25.981175,20.724982222500003
161,4736339605,2020-05-23 01:50:11.093523,failed,SARA-MATRIX,aipanda056.cern.ch,10,failed,2020-05-23 01:50:11.093523,2020-05-23 01:50:11.093523,0.0
159,4736339605,2020-05-22 05:07:00.028418,running,SARA-MATRIX,aipanda058.cern.ch,10,failed,2020-05-22 05:07:00.028418,2020-05-23 01:50:11.093523,20.719740306944445
168,4736339608,2020-05-23 01:42:17.076234,failed,SARA-MATRIX,aipanda058.cern.ch,10,failed,2020-05-23 01:42:17.076234,2020-05-23 01:42:17.076234,0.0
167,4736339608,2020-05-22 05:11:23.158335,running,SARA-MATRIX,aipanda057.cern.ch,10,failed,2020-05-22 05:11:23.158335,2020-05-23 01:42:17.076234,20.51497719416667
